,Recalled Songs,Evoke Memory,Childhood,Recent,Parents,Other People,Alone,Vividness
count,23.0,23.0,18.0,18.0,18.0,18.0,18.0,23.0
mean,1.9130434782608696,0.782608695652174,1.2777777777777777,1.1111111111111112,0.8333333333333334,2.111111111111111,0.8333333333333334,0.6521739130434783
std,1.0834726777719228,0.42174116783664983,1.0178151661369075,1.022619985129827,0.9235481451827989,1.0786096109392211,0.7859052479933759,0.486984753557674
min,0.0,0.0,0.0,0.0,0.0,0.0,0.0,0.0
25%,1.0,1.0,1.0,0.25,0.0,1.0,0.0,0.0
50%,2.0,1.0,1.0,1.0,1.0,3.0,1.0,1.0
75%,3.0,1.0,2.0,1.0,1.0,3.0,1.0,1.0
max,4.0,1.0,3.0,3.0,3.0,3.0,3.0,1.0
