,Recalled Songs,Evoke Memory,Childhood,Recent,Parents,Other People,Alone,Vividness
count,23.0,23.0,19.0,19.0,19.0,19.0,19.0,23.0
mean,2.260869565217391,0.8260869565217391,2.526315789473684,0.631578947368421,1.4210526315789473,1.8421052631578947,1.368421052631579,0.6086956521739131
std,1.0538842141140996,0.3875533878815898,1.1239029738980326,0.8306975860878394,1.0173926082384548,1.067872125861979,1.065130472748108,0.4990108793478453
min,0.0,0.0,1.0,0.0,0.0,0.0,0.0,0.0
25%,1.5,1.0,1.5,0.0,1.0,1.0,1.0,0.0
50%,2.0,1.0,3.0,0.0,1.0,2.0,1.0,1.0
75%,3.0,1.0,3.0,1.0,2.0,3.0,2.0,1.0
max,4.0,1.0,4.0,3.0,3.0,3.0,3.0,1.0
