,Recalled Songs,Evoke Memory,Childhood,Recent,Parents,Other People,Alone,Vividness
count,23.0,23.0,16.0,16.0,16.0,16.0,16.0,16.0
mean,2.130434782608696,0.7391304347826086,1.75,1.25,0.75,2.25,1.5,0.75
std,1.0576280419404613,0.44897775854487953,1.390443574307614,1.0,1.0,1.1254628677422756,0.9660917830792959,0.4472135954999579
min,0.0,0.0,0.0,0.0,0.0,0.0,0.0,0.0
25%,1.0,0.5,1.0,0.75,0.0,1.0,1.0,0.75
50%,2.0,1.0,1.0,1.0,0.5,3.0,1.0,1.0
75%,3.0,1.0,3.0,2.0,1.0,3.0,2.0,1.0
max,4.0,1.0,4.0,3.0,3.0,4.0,3.0,1.0
