,Recalled Songs,Evoke Memory,Childhood,Recent,Parents,Other People,Alone,Vividness
1970,2.217391304347826,0.6086956521739131,1.9285714285714288,0.7142857142857143,2.0,1.0714285714285714,0.5,0.2608695652173913
1975,1.7826086956521738,0.6086956521739131,2.071428571428572,0.7857142857142857,1.6428571428571428,1.3571428571428572,0.7857142857142857,0.43478260869565216
1980,2.4782608695652173,0.7391304347826086,2.0,1.1764705882352942,1.7647058823529411,1.5294117647058822,1.5294117647058822,0.5217391304347826
1985,2.739130434782609,0.8695652173913043,1.85,1.05,1.55,1.35,0.9,0.5652173913043478
1990,1.9130434782608696,0.7826086956521741,1.2777777777777777,1.1111111111111112,0.8333333333333334,2.1111111111111107,0.8333333333333334,0.6521739130434783
1995,2.347826086956522,0.7391304347826086,1.7647058823529411,1.0,1.1764705882352942,2.0,1.1764705882352942,0.5652173913043478
2000,2.260869565217391,0.8260869565217391,2.526315789473684,0.631578947368421,1.4210526315789471,1.8421052631578947,1.368421052631579,0.6086956521739131
2005,2.130434782608696,0.7391304347826086,1.75,1.25,0.75,2.25,1.5,0.5217391304347826
