,Recalled Songs,Evoke Memory,Childhood,Recent,Parents,Other People,Alone,Vividness
1970,0.9513875865917888,0.4990108793478453,1.071611705960535,0.4688072309384954,1.1766968108291045,0.91687476825319,0.6504436355879909,0.5135525910130955
1975,0.9023465237988441,0.4990108793478453,1.1411388181101378,0.892582375303981,1.2157392722216298,0.7449463436684921,0.892582375303981,0.4688072309384954
1980,0.7902568752334617,0.4489777585448795,1.1726039399558574,1.1311108542958477,1.0325582165612917,0.9432422182837984,1.1245914290767742,0.4696682183138621
1985,0.8643121965600912,0.3443502215750909,0.9880869341680844,0.9445132413883326,0.9986833437344548,0.8127277008872492,1.020835571068081,0.4893604849295929
1990,1.0834726777719228,0.4217411678366498,1.0178151661369077,1.022619985129827,0.9235481451827988,1.0786096109392211,0.7859052479933759,0.3834824944236852
1995,0.9346217344793908,0.4489777585448795,0.9701425001453321,0.8660254037844386,0.8828430011649196,1.0,1.0145993123917847,0.4372373160976031
2000,1.0538842141140996,0.3875533878815898,1.1239029738980326,0.8306975860878394,1.0173926082384548,1.067872125861979,1.065130472748108,0.4524139283588641
2005,1.0576280419404611,0.4489777585448795,1.390443574307614,1.0,1.0,1.1254628677422756,0.966091783079296,0.4472135954999579
